{
  "trained_at": "2026-06-08T07:13:48.998295",
  "model_version": "1.0.0",
  "dataset_size": 22000,
  "train_size": 17600,
  "test_size": 4400,
  "features": [
    "mixer_turbo_speed_rpm",
    "noodler_turbo_speed_rpm",
    "pre_plodder_turbo_speed_rpm",
    "final_plodder_turbo_speed_rpm",
    "vacuum_chamber_pressure_mmhg",
    "starch_percentage",
    "ambient_temperature_c",
    "ambient_humidity_pct",
    "coolant_temp_c",
    "mean_turbo_speed",
    "turbo_speed_std",
    "turbo_speed_ratio",
    "pressure_deviation",
    "process_load_index",
    "mechanical_energy_index",
    "stability_score",
    "mixer_final_interaction",
    "vacuum_starch_interaction",
    "plodder_ratio",
    "energy_vacuum_interaction",
    "machine_status_encoded",
    "shift_encoded",
    "vp_sq",
    "fp_sq",
    "mx_sq",
    "sx_sq",
    "vp_fp",
    "mx_sx",
    "pp_fp",
    "vp_sx",
    "log_mech",
    "vp_dev_sq"
  ],
  "primary_model": {
    "name": "XGBoost Regressor",
    "params": {
      "n_estimators": 800,
      "max_depth": 6,
      "learning_rate": 0.04,
      "subsample": 0.82,
      "colsample_bytree": 0.8,
      "min_child_weight": 3,
      "gamma": 0.05,
      "reg_alpha": 0.1,
      "reg_lambda": 1.5,
      "random_state": 42,
      "n_jobs": -1,
      "tree_method": "hist"
    },
    "r2": 0.9104905008769757,
    "rmse": 0.048491046639798065,
    "mae": 0.03864874067219821,
    "in_spec_accuracy": 0.7561363636363636
  },
  "cv_scores": {
    "mean": 0.8151791879267171,
    "std": 0.002712666506079636,
    "scores": [
      0.8164747125203922,
      0.8119378745672716,
      0.8139880134879302,
      0.8197700143126119,
      0.81372532474538
    ]
  },
  "baseline_models": [
    {
      "name": "Ridge Regression",
      "r2": 0.7861786243230822,
      "rmse": 0.06910744062223562,
      "mae": 0.055228802605273276,
      "in_spec_accuracy": 0.7579545454545454
    },
    {
      "name": "Random Forest",
      "r2": 0.8009574116049313,
      "rmse": 0.06667641713895546,
      "mae": 0.05317494330244582,
      "in_spec_accuracy": 0.7579545454545454
    },
    {
      "name": "Gradient Boosting",
      "r2": 0.8164805973149328,
      "rmse": 0.06402362248857585,
      "mae": 0.05114839904615753,
      "in_spec_accuracy": 0.7534090909090909
    }
  ],
  "feature_importance": {
    "vp_sq": 0.31423449516296387,
    "vacuum_chamber_pressure_mmhg": 0.26876819133758545,
    "turbo_speed_std": 0.06985719501972198,
    "pressure_deviation": 0.06585770845413208,
    "vp_dev_sq": 0.06363864243030548,
    "mx_sq": 0.04227334260940552,
    "mixer_turbo_speed_rpm": 0.03314651921391487,
    "turbo_speed_ratio": 0.02310018055140972,
    "vp_fp": 0.014943046495318413,
    "mx_sx": 0.014325952157378197,
    "fp_sq": 0.009633880108594894,
    "machine_status_encoded": 0.008849567733705044,
    "starch_percentage": 0.0060593970119953156,
    "process_load_index": 0.005928190425038338,
    "final_plodder_turbo_speed_rpm": 0.005489186383783817,
    "mixer_final_interaction": 0.005311314482241869,
    "sx_sq": 0.005266549531370401,
    "plodder_ratio": 0.004662820138037205,
    "vp_sx": 0.004495492670685053,
    "vacuum_starch_interaction": 0.004003945272415876,
    "stability_score": 0.003790483111515641,
    "mechanical_energy_index": 0.003744941670447588,
    "mean_turbo_speed": 0.0033135670237243176,
    "log_mech": 0.0032652034424245358,
    "energy_vacuum_interaction": 0.0027672487776726484,
    "noodler_turbo_speed_rpm": 0.0026387707330286503,
    "pp_fp": 0.002005250658839941,
    "pre_plodder_turbo_speed_rpm": 0.0019779163412749767,
    "ambient_humidity_pct": 0.0017852308228611946,
    "ambient_temperature_c": 0.0016870822291821241,
    "coolant_temp_c": 0.0016011245315894485,
    "shift_encoded": 0.0015775349456816912
  },
  "shap_importance": {
    "vacuum_chamber_pressure_mmhg": 0.06685296446084976,
    "mixer_turbo_speed_rpm": 0.024438852444291115,
    "machine_status_encoded": 0.023451823741197586,
    "turbo_speed_ratio": 0.021362025290727615,
    "energy_vacuum_interaction": 0.0158471018075943,
    "process_load_index": 0.015248925425112247,
    "pressure_deviation": 0.010211478918790817,
    "turbo_speed_std": 0.009050818160176277,
    "starch_percentage": 0.005235161632299423,
    "mean_turbo_speed": 0.004408092703670263,
    "noodler_turbo_speed_rpm": 0.003677981672808528,
    "plodder_ratio": 0.003203274216502905,
    "mechanical_energy_index": 0.0023684310726821423,
    "vacuum_starch_interaction": 0.0014988682232797146,
    "final_plodder_turbo_speed_rpm": 0.0014258725568652153,
    "mixer_final_interaction": 0.0011604632018133998,
    "pre_plodder_turbo_speed_rpm": 0.0010137887438759208,
    "stability_score": 0.00047417610767297447,
    "ambient_temperature_c": 9.579431934980676e-05,
    "ambient_humidity_pct": 7.5379793997854e-05,
    "coolant_temp_c": 1.4597983863495756e-05,
    "shift_encoded": 3.217634230168187e-06
  },
  "sensitivity": {
    "vacuum_chamber_pressure_mmhg": 0.005867199506610632,
    "turbo_speed_ratio": 0.003001545090228319,
    "mixer_turbo_speed_rpm": 0.002461544703692198,
    "process_load_index": 0.0023251620586961508,
    "pressure_deviation": 0.002277214778587222,
    "energy_vacuum_interaction": 0.001329790917225182,
    "turbo_speed_std": 0.0008807693375274539,
    "starch_percentage": 0.0007791215321049094,
    "mean_turbo_speed": 0.0005511855124495924,
    "vacuum_starch_interaction": 0.0004515551554504782,
    "plodder_ratio": 0.0003668142016977072,
    "noodler_turbo_speed_rpm": 0.0003335896471980959,
    "mechanical_energy_index": 0.0002848988806363195,
    "final_plodder_turbo_speed_rpm": 0.0002436804788885638,
    "mixer_final_interaction": 0.00017858683713711798,
    "pre_plodder_turbo_speed_rpm": 0.00010737646516645327,
    "stability_score": 6.44724495941773e-05,
    "ambient_humidity_pct": 1.201705526909791e-05,
    "ambient_temperature_c": 6.94800519340788e-06,
    "coolant_temp_c": 9.185617386719969e-07,
    "machine_status_encoded": 0.0,
    "shift_encoded": 0.0
  },
  "error_analysis": {
    "mean_residual": 0.0005796927265687418,
    "std_residual": 0.0642319511362412,
    "p5_residual": -0.10387827415466297,
    "p95_residual": 0.10537387332916266,
    "pct_within_0_1": 0.8845454545454545,
    "pct_within_0_2": 0.9977272727272727,
    "pct_within_0_3": 1.0
  },
  "target_range": {
    "min": 3.8,
    "max": 4.2
  },
  "pv_range": {
    "min": 3.0,
    "max": 5.0
  }
}